{"cameraMode":{"drawMode":0,"name":"Shaded","section":"Shading Mode"},"sceneLighting":true,"audioPlay":false,"sceneViewState":{"showFog":true,"showMaterialUpdate":false,"showSkybox":true,"showFlares":true,"showImageEffects":true,"showParticleSystems":true},"in2DMode":false,"pivot":{"x":-21.71753692626953,"y":16.94012451171875,"z":-24.191024780273439},"rotation":{"x":-0.04984545335173607,"y":-0.9217737317085266,"z":-0.12664899230003358,"w":0.36314862966537478},"size":50.5916862487793,"orthographic":false}